C,NEMP.WORLD,DISPATCHSCADA,AEMO,PUBLIC,2016/02/01,23:45:07,0000000268307634,DISPATCHSCADA,0000000268307628
I,DISPATCH,UNIT_SCADA,1,SETTLEMENTDATE,DUID,SCADAVALUE
D,DISPATCH,UNIT_SCADA,1,"2016/02/01 23:50:00",ANGAS1,0
D,DISPATCH,UNIT_SCADA,1,"2016/02/01 23:50:00",ANGAS2,0
D,DISPATCH,UNIT_SCADA,1,"2016/02/01 23:50:00",BUTLERSG,7.499999
D,DISPATCH,UNIT_SCADA,1,"2016/02/01 23:50:00",CALL_A_4,0
D,DISPATCH,UNIT_SCADA,1,"2016/02/01 23:50:00",CAPTL_WF,0
D,DISPATCH,UNIT_SCADA,1,"2016/02/01 23:50:00",CATHROCK,48.719997
D,DISPATCH,UNIT_SCADA,1,"2016/02/01 23:50:00",CHALLHWF,11.900001
D,DISPATCH,UNIT_SCADA,1,"2016/02/01 23:50:00",CLOVER,-0.01
D,DISPATCH,UNIT_SCADA,1,"2016/02/01 23:50:00",CLUNY,7.873790
D,DISPATCH,UNIT_SCADA,1,"2016/02/01 23:50:00",CNUNDAWF,8.910395
D,DISPATCH,UNIT_SCADA,1,"2016/02/01 23:50:00",CULLRGWF,-0.06
D,DISPATCH,UNIT_SCADA,1,"2016/02/01 23:50:00",ERGT01,0
D,DISPATCH,UNIT_SCADA,1,"2016/02/01 23:50:00",GB01,0.169926
D,DISPATCH,UNIT_SCADA,1,"2016/02/01 23:50:00",GERMCRK,30
D,DISPATCH,UNIT_SCADA,1,"2016/02/01 23:50:00",INVICTA,0
D,DISPATCH,UNIT_SCADA,1,"2016/02/01 23:50:00",LKBONNY1,18.308420
D,DISPATCH,UNIT_SCADA,1,"2016/02/01 23:50:00",MBAHNTH,56.681252
D,DISPATCH,UNIT_SCADA,1,"2016/02/01 23:50:00",MLWF1,9.84
D,DISPATCH,UNIT_SCADA,1,"2016/02/01 23:50:00",MTMILLAR,4.866618
D,DISPATCH,UNIT_SCADA,1,"2016/02/01 23:50:00",PALOONA,0
D,DISPATCH,UNIT_SCADA,1,"2016/02/01 23:50:00",PIONEER,31
D,DISPATCH,UNIT_SCADA,1,"2016/02/01 23:50:00",PORTWF,58.299999
D,DISPATCH,UNIT_SCADA,1,"2016/02/01 23:50:00",REPULSE,12.500080
D,DISPATCH,UNIT_SCADA,1,"2016/02/01 23:50:00",ROWALLAN,0
D,DISPATCH,UNIT_SCADA,1,"2016/02/01 23:50:00",RPCG,-0.70
D,DISPATCH,UNIT_SCADA,1,"2016/02/01 23:50:00",RUBICON,0
D,DISPATCH,UNIT_SCADA,1,"2016/02/01 23:50:00",STARHLWF,29.991255
D,DISPATCH,UNIT_SCADA,1,"2016/02/01 23:50:00",WAUBRAWF,34.18
D,DISPATCH,UNIT_SCADA,1,"2016/02/01 23:50:00",WOOLNTH1,-0.059985
D,DISPATCH,UNIT_SCADA,1,"2016/02/01 23:50:00",WPWF,25
D,DISPATCH,UNIT_SCADA,1,"2016/02/01 23:50:00",YAMBUKWF,14
D,DISPATCH,UNIT_SCADA,1,"2016/02/01 23:50:00",AGLHAL,0
D,DISPATCH,UNIT_SCADA,1,"2016/02/01 23:50:00",AGLSOM,0
D,DISPATCH,UNIT_SCADA,1,"2016/02/01 23:50:00",BALDHWF1,0
D,DISPATCH,UNIT_SCADA,1,"2016/02/01 23:50:00",BARCALDN,0
D,DISPATCH,UNIT_SCADA,1,"2016/02/01 23:50:00",BARRON-1,0
D,DISPATCH,UNIT_SCADA,1,"2016/02/01 23:50:00",BARRON-2,0
D,DISPATCH,UNIT_SCADA,1,"2016/02/01 23:50:00",BASTYAN,0
D,DISPATCH,UNIT_SCADA,1,"2016/02/01 23:50:00",BBTHREE1,33.61
D,DISPATCH,UNIT_SCADA,1,"2016/02/01 23:50:00",BBTHREE2,17.69
D,DISPATCH,UNIT_SCADA,1,"2016/02/01 23:50:00",BBTHREE3,0
D,DISPATCH,UNIT_SCADA,1,"2016/02/01 23:50:00",BDL01,19.86
D,DISPATCH,UNIT_SCADA,1,"2016/02/01 23:50:00",BDL02,0
D,DISPATCH,UNIT_SCADA,1,"2016/02/01 23:50:00",BLOWERNG,0
D,DISPATCH,UNIT_SCADA,1,"2016/02/01 23:50:00",BLUFF1,47.90
D,DISPATCH,UNIT_SCADA,1,"2016/02/01 23:50:00",BOCORWF1,0
D,DISPATCH,UNIT_SCADA,1,"2016/02/01 23:50:00",BRAEMAR1,0
D,DISPATCH,UNIT_SCADA,1,"2016/02/01 23:50:00",BRAEMAR2,0
D,DISPATCH,UNIT_SCADA,1,"2016/02/01 23:50:00",BRAEMAR3,0
D,DISPATCH,UNIT_SCADA,1,"2016/02/01 23:50:00",BRAEMAR5,110.358020
D,DISPATCH,UNIT_SCADA,1,"2016/02/01 23:50:00",BRAEMAR6,0
D,DISPATCH,UNIT_SCADA,1,"2016/02/01 23:50:00",BRAEMAR7,0
D,DISPATCH,UNIT_SCADA,1,"2016/02/01 23:50:00",BROKENH1,0
D,DISPATCH,UNIT_SCADA,1,"2016/02/01 23:50:00",BW01,521.593510
D,DISPATCH,UNIT_SCADA,1,"2016/02/01 23:50:00",BW02,520.580570
D,DISPATCH,UNIT_SCADA,1,"2016/02/01 23:50:00",BW03,513.425170
D,DISPATCH,UNIT_SCADA,1,"2016/02/01 23:50:00",BW04,514.438110
D,DISPATCH,UNIT_SCADA,1,"2016/02/01 23:50:00",CALL_B_1,304.399990
D,DISPATCH,UNIT_SCADA,1,"2016/02/01 23:50:00",CALL_B_2,302.600010
D,DISPATCH,UNIT_SCADA,1,"2016/02/01 23:50:00",CETHANA,0
D,DISPATCH,UNIT_SCADA,1,"2016/02/01 23:50:00",CG1,0
D,DISPATCH,UNIT_SCADA,1,"2016/02/01 23:50:00",CG2,0
D,DISPATCH,UNIT_SCADA,1,"2016/02/01 23:50:00",CG3,0
D,DISPATCH,UNIT_SCADA,1,"2016/02/01 23:50:00",CG4,0
D,DISPATCH,UNIT_SCADA,1,"2016/02/01 23:50:00",CLEMGPWF,52.585560
D,DISPATCH,UNIT_SCADA,1,"2016/02/01 23:50:00",CPP_3,239.525010
D,DISPATCH,UNIT_SCADA,1,"2016/02/01 23:50:00",CPP_4,240.350010
D,DISPATCH,UNIT_SCADA,1,"2016/02/01 23:50:00",CPSA,74.891250
D,DISPATCH,UNIT_SCADA,1,"2016/02/01 23:50:00",DARTM1,114
D,DISPATCH,UNIT_SCADA,1,"2016/02/01 23:50:00",DDPS1,607.050960
D,DISPATCH,UNIT_SCADA,1,"2016/02/01 23:50:00",DEVILS_G,0
D,DISPATCH,UNIT_SCADA,1,"2016/02/01 23:50:00",DG_NSW1,0
D,DISPATCH,UNIT_SCADA,1,"2016/02/01 23:50:00",DG_QLD1,0
D,DISPATCH,UNIT_SCADA,1,"2016/02/01 23:50:00",DG_SA1,0
D,DISPATCH,UNIT_SCADA,1,"2016/02/01 23:50:00",DG_TAS1,0
D,DISPATCH,UNIT_SCADA,1,"2016/02/01 23:50:00",DG_VIC1,0
D,DISPATCH,UNIT_SCADA,1,"2016/02/01 23:50:00",DRYCGT1,0
D,DISPATCH,UNIT_SCADA,1,"2016/02/01 23:50:00",DRYCGT2,0
D,DISPATCH,UNIT_SCADA,1,"2016/02/01 23:50:00",DRYCGT3,0
D,DISPATCH,UNIT_SCADA,1,"2016/02/01 23:50:00",EILDON1,0
D,DISPATCH,UNIT_SCADA,1,"2016/02/01 23:50:00",EILDON2,0
D,DISPATCH,UNIT_SCADA,1,"2016/02/01 23:50:00",ER01,289.050050
D,DISPATCH,UNIT_SCADA,1,"2016/02/01 23:50:00",ER02,289.675050
D,DISPATCH,UNIT_SCADA,1,"2016/02/01 23:50:00",ER03,294.174930
D,DISPATCH,UNIT_SCADA,1,"2016/02/01 23:50:00",ER04,287.224980
D,DISPATCH,UNIT_SCADA,1,"2016/02/01 23:50:00",FISHER,0
D,DISPATCH,UNIT_SCADA,1,"2016/02/01 23:50:00",GORDON,184.199870
D,DISPATCH,UNIT_SCADA,1,"2016/02/01 23:50:00",GSTONE1,111.1250
D,DISPATCH,UNIT_SCADA,1,"2016/02/01 23:50:00",GSTONE2,0
D,DISPATCH,UNIT_SCADA,1,"2016/02/01 23:50:00",GSTONE3,127.75
D,DISPATCH,UNIT_SCADA,1,"2016/02/01 23:50:00",GSTONE4,110.95
D,DISPATCH,UNIT_SCADA,1,"2016/02/01 23:50:00",GSTONE5,129.6750
D,DISPATCH,UNIT_SCADA,1,"2016/02/01 23:50:00",GSTONE6,110.4250
D,DISPATCH,UNIT_SCADA,1,"2016/02/01 23:50:00",GULLRWF1,0
D,DISPATCH,UNIT_SCADA,1,"2016/02/01 23:50:00",GUNNING1,-0.225010
D,DISPATCH,UNIT_SCADA,1,"2016/02/01 23:50:00",GUTHEGA,0
D,DISPATCH,UNIT_SCADA,1,"2016/02/01 23:50:00",HALLWF1,88
D,DISPATCH,UNIT_SCADA,1,"2016/02/01 23:50:00",HALLWF2,66.01
D,DISPATCH,UNIT_SCADA,1,"2016/02/01 23:50:00",HUMENSW,19.6812
D,DISPATCH,UNIT_SCADA,1,"2016/02/01 23:50:00",HUMEV,-0.48
D,DISPATCH,UNIT_SCADA,1,"2016/02/01 23:50:00",HVGTS,0
D,DISPATCH,UNIT_SCADA,1,"2016/02/01 23:50:00",HWPS1,216
D,DISPATCH,UNIT_SCADA,1,"2016/02/01 23:50:00",HWPS2,215
D,DISPATCH,UNIT_SCADA,1,"2016/02/01 23:50:00",HWPS3,0
D,DISPATCH,UNIT_SCADA,1,"2016/02/01 23:50:00",HWPS4,179
D,DISPATCH,UNIT_SCADA,1,"2016/02/01 23:50:00",HWPS5,0
D,DISPATCH,UNIT_SCADA,1,"2016/02/01 23:50:00",HWPS6,192
D,DISPATCH,UNIT_SCADA,1,"2016/02/01 23:50:00",HWPS7,183
D,DISPATCH,UNIT_SCADA,1,"2016/02/01 23:50:00",HWPS8,189
D,DISPATCH,UNIT_SCADA,1,"2016/02/01 23:50:00",JBUTTERS,107.75
D,DISPATCH,UNIT_SCADA,1,"2016/02/01 23:50:00",JLA01,0
D,DISPATCH,UNIT_SCADA,1,"2016/02/01 23:50:00",JLA02,0
D,DISPATCH,UNIT_SCADA,1,"2016/02/01 23:50:00",JLA03,0
D,DISPATCH,UNIT_SCADA,1,"2016/02/01 23:50:00",JLA04,0
D,DISPATCH,UNIT_SCADA,1,"2016/02/01 23:50:00",JLB01,0
D,DISPATCH,UNIT_SCADA,1,"2016/02/01 23:50:00",JLB02,0
D,DISPATCH,UNIT_SCADA,1,"2016/02/01 23:50:00",JLB03,0
D,DISPATCH,UNIT_SCADA,1,"2016/02/01 23:50:00",KAREEYA1,0
D,DISPATCH,UNIT_SCADA,1,"2016/02/01 23:50:00",KAREEYA2,0
D,DISPATCH,UNIT_SCADA,1,"2016/02/01 23:50:00",KAREEYA3,0
D,DISPATCH,UNIT_SCADA,1,"2016/02/01 23:50:00",KAREEYA4,17.9650
D,DISPATCH,UNIT_SCADA,1,"2016/02/01 23:50:00",KPP_1,703.825010
D,DISPATCH,UNIT_SCADA,1,"2016/02/01 23:50:00",LADBROK1,0
D,DISPATCH,UNIT_SCADA,1,"2016/02/01 23:50:00",LADBROK2,0
D,DISPATCH,UNIT_SCADA,1,"2016/02/01 23:50:00",LD01,407.6250
D,DISPATCH,UNIT_SCADA,1,"2016/02/01 23:50:00",LD02,0
D,DISPATCH,UNIT_SCADA,1,"2016/02/01 23:50:00",LD03,403.387510
D,DISPATCH,UNIT_SCADA,1,"2016/02/01 23:50:00",LD04,409.462550
D,DISPATCH,UNIT_SCADA,1,"2016/02/01 23:50:00",LEM_WIL,27.946350
D,DISPATCH,UNIT_SCADA,1,"2016/02/01 23:50:00",LI_WY_CA,96.596890
D,DISPATCH,UNIT_SCADA,1,"2016/02/01 23:50:00",LKBONNY2,39.8764
D,DISPATCH,UNIT_SCADA,1,"2016/02/01 23:50:00",LKBONNY3,9.657210
D,DISPATCH,UNIT_SCADA,1,"2016/02/01 23:50:00",LK_ECHO,24.190010
D,DISPATCH,UNIT_SCADA,1,"2016/02/01 23:50:00",LNGS1,0
D,DISPATCH,UNIT_SCADA,1,"2016/02/01 23:50:00",LNGS2,0
D,DISPATCH,UNIT_SCADA,1,"2016/02/01 23:50:00",LONSDALE,0
D,DISPATCH,UNIT_SCADA,1,"2016/02/01 23:50:00",LOYYB1,537.592410
D,DISPATCH,UNIT_SCADA,1,"2016/02/01 23:50:00",LOYYB2,535.336730
D,DISPATCH,UNIT_SCADA,1,"2016/02/01 23:50:00",LYA1,539
D,DISPATCH,UNIT_SCADA,1,"2016/02/01 23:50:00",LYA2,0
D,DISPATCH,UNIT_SCADA,1,"2016/02/01 23:50:00",LYA3,530
D,DISPATCH,UNIT_SCADA,1,"2016/02/01 23:50:00",LYA4,531
D,DISPATCH,UNIT_SCADA,1,"2016/02/01 23:50:00",MACARTH1,148.459990
D,DISPATCH,UNIT_SCADA,1,"2016/02/01 23:50:00",MACKAYGT,0
D,DISPATCH,UNIT_SCADA,1,"2016/02/01 23:50:00",MACKNTSH,0
D,DISPATCH,UNIT_SCADA,1,"2016/02/01 23:50:00",MCKAY1,0.13
D,DISPATCH,UNIT_SCADA,1,"2016/02/01 23:50:00",MEADOWBK,14.8616
D,DISPATCH,UNIT_SCADA,1,"2016/02/01 23:50:00",MERCER01,35.7130
D,DISPATCH,UNIT_SCADA,1,"2016/02/01 23:50:00",MINTARO,0
D,DISPATCH,UNIT_SCADA,1,"2016/02/01 23:50:00",MOR1,0
D,DISPATCH,UNIT_SCADA,1,"2016/02/01 23:50:00",MOR2,0
D,DISPATCH,UNIT_SCADA,1,"2016/02/01 23:50:00",MOR3,0
D,DISPATCH,UNIT_SCADA,1,"2016/02/01 23:50:00",MORTLK11,0
D,DISPATCH,UNIT_SCADA,1,"2016/02/01 23:50:00",MORTLK12,0
D,DISPATCH,UNIT_SCADA,1,"2016/02/01 23:50:00",MP1,283.1250
D,DISPATCH,UNIT_SCADA,1,"2016/02/01 23:50:00",MP2,281.175050
D,DISPATCH,UNIT_SCADA,1,"2016/02/01 23:50:00",MPP_1,427.50
D,DISPATCH,UNIT_SCADA,1,"2016/02/01 23:50:00",MPP_2,389
D,DISPATCH,UNIT_SCADA,1,"2016/02/01 23:50:00",MSTUART1,0
D,DISPATCH,UNIT_SCADA,1,"2016/02/01 23:50:00",MSTUART2,0
D,DISPATCH,UNIT_SCADA,1,"2016/02/01 23:50:00",MSTUART3,0
D,DISPATCH,UNIT_SCADA,1,"2016/02/01 23:50:00",MURRAY,0
D,DISPATCH,UNIT_SCADA,1,"2016/02/01 23:50:00",MUSSELR1,6.40
D,DISPATCH,UNIT_SCADA,1,"2016/02/01 23:50:00",NBHWF1,122.80
D,DISPATCH,UNIT_SCADA,1,"2016/02/01 23:50:00",NPS,0
D,DISPATCH,UNIT_SCADA,1,"2016/02/01 23:50:00",NPS1,265.254880
D,DISPATCH,UNIT_SCADA,1,"2016/02/01 23:50:00",NPS2,248.164610
D,DISPATCH,UNIT_SCADA,1,"2016/02/01 23:50:00",NYNGAN1,0
D,DISPATCH,UNIT_SCADA,1,"2016/02/01 23:50:00",OAKEY1,0
D,DISPATCH,UNIT_SCADA,1,"2016/02/01 23:50:00",OAKEY2,0
D,DISPATCH,UNIT_SCADA,1,"2016/02/01 23:50:00",OAKLAND1,18.40
D,DISPATCH,UNIT_SCADA,1,"2016/02/01 23:50:00",OSB-AG,147.906130
D,DISPATCH,UNIT_SCADA,1,"2016/02/01 23:50:00",PLAYB-AG,0
D,DISPATCH,UNIT_SCADA,1,"2016/02/01 23:50:00",POAT110,0
D,DISPATCH,UNIT_SCADA,1,"2016/02/01 23:50:00",POAT220,34.47
D,DISPATCH,UNIT_SCADA,1,"2016/02/01 23:50:00",POR01,0
D,DISPATCH,UNIT_SCADA,1,"2016/02/01 23:50:00",POR03,0
D,DISPATCH,UNIT_SCADA,1,"2016/02/01 23:50:00",PPCCGT,0
D,DISPATCH,UNIT_SCADA,1,"2016/02/01 23:50:00",PTSTAN1,0
D,DISPATCH,UNIT_SCADA,1,"2016/02/01 23:50:00",PUMP1,0
D,DISPATCH,UNIT_SCADA,1,"2016/02/01 23:50:00",PUMP2,0
D,DISPATCH,UNIT_SCADA,1,"2016/02/01 23:50:00",QPS1,0
D,DISPATCH,UNIT_SCADA,1,"2016/02/01 23:50:00",QPS2,0
D,DISPATCH,UNIT_SCADA,1,"2016/02/01 23:50:00",QPS3,0
D,DISPATCH,UNIT_SCADA,1,"2016/02/01 23:50:00",QPS4,0
D,DISPATCH,UNIT_SCADA,1,"2016/02/01 23:50:00",QPS5,0
D,DISPATCH,UNIT_SCADA,1,"2016/02/01 23:50:00",REECE1,0
D,DISPATCH,UNIT_SCADA,1,"2016/02/01 23:50:00",REECE2,0
D,DISPATCH,UNIT_SCADA,1,"2016/02/01 23:50:00",ROMA_7,32.646420
D,DISPATCH,UNIT_SCADA,1,"2016/02/01 23:50:00",ROMA_8,32.267440
D,DISPATCH,UNIT_SCADA,1,"2016/02/01 23:50:00",RT_NSW1,0
D,DISPATCH,UNIT_SCADA,1,"2016/02/01 23:50:00",RT_QLD1,0
D,DISPATCH,UNIT_SCADA,1,"2016/02/01 23:50:00",RT_SA1,0
D,DISPATCH,UNIT_SCADA,1,"2016/02/01 23:50:00",RT_SA2,0
D,DISPATCH,UNIT_SCADA,1,"2016/02/01 23:50:00",RT_SA3,0
D,DISPATCH,UNIT_SCADA,1,"2016/02/01 23:50:00",RT_SA4,0
D,DISPATCH,UNIT_SCADA,1,"2016/02/01 23:50:00",RT_SA5,0
D,DISPATCH,UNIT_SCADA,1,"2016/02/01 23:50:00",RT_SA6,0
D,DISPATCH,UNIT_SCADA,1,"2016/02/01 23:50:00",RT_TAS1,0
D,DISPATCH,UNIT_SCADA,1,"2016/02/01 23:50:00",RT_VIC1,0
D,DISPATCH,UNIT_SCADA,1,"2016/02/01 23:50:00",RT_VIC10,0
D,DISPATCH,UNIT_SCADA,1,"2016/02/01 23:50:00",RT_VIC11,0
D,DISPATCH,UNIT_SCADA,1,"2016/02/01 23:50:00",RT_VIC12,0
D,DISPATCH,UNIT_SCADA,1,"2016/02/01 23:50:00",RT_VIC2,0
D,DISPATCH,UNIT_SCADA,1,"2016/02/01 23:50:00",RT_VIC3,0
D,DISPATCH,UNIT_SCADA,1,"2016/02/01 23:50:00",RT_VIC4,0
D,DISPATCH,UNIT_SCADA,1,"2016/02/01 23:50:00",RT_VIC5,0
D,DISPATCH,UNIT_SCADA,1,"2016/02/01 23:50:00",RT_VIC6,0
D,DISPATCH,UNIT_SCADA,1,"2016/02/01 23:50:00",RT_VIC7,0
D,DISPATCH,UNIT_SCADA,1,"2016/02/01 23:50:00",RT_VIC8,0
D,DISPATCH,UNIT_SCADA,1,"2016/02/01 23:50:00",RT_VIC9,0
D,DISPATCH,UNIT_SCADA,1,"2016/02/01 23:50:00",SHGEN,0
D,DISPATCH,UNIT_SCADA,1,"2016/02/01 23:50:00",SHPUMP,0
D,DISPATCH,UNIT_SCADA,1,"2016/02/01 23:50:00",SITHE01,80.134340
D,DISPATCH,UNIT_SCADA,1,"2016/02/01 23:50:00",SNOWNTH1,116.50
D,DISPATCH,UNIT_SCADA,1,"2016/02/01 23:50:00",SNOWSTH1,115.80
D,DISPATCH,UNIT_SCADA,1,"2016/02/01 23:50:00",SNOWTWN1,92.3156
D,DISPATCH,UNIT_SCADA,1,"2016/02/01 23:50:00",SNOWYP,0
D,DISPATCH,UNIT_SCADA,1,"2016/02/01 23:50:00",SNUG1,0
D,DISPATCH,UNIT_SCADA,1,"2016/02/01 23:50:00",STAN-1,263.600010
D,DISPATCH,UNIT_SCADA,1,"2016/02/01 23:50:00",STAN-2,262.600010
D,DISPATCH,UNIT_SCADA,1,"2016/02/01 23:50:00",STAN-3,222.20
D,DISPATCH,UNIT_SCADA,1,"2016/02/01 23:50:00",STAN-4,261.600010
D,DISPATCH,UNIT_SCADA,1,"2016/02/01 23:50:00",SWAN_E,0
D,DISPATCH,UNIT_SCADA,1,"2016/02/01 23:50:00",TALWA1,0
D,DISPATCH,UNIT_SCADA,1,"2016/02/01 23:50:00",TARALGA1,0.412510
D,DISPATCH,UNIT_SCADA,1,"2016/02/01 23:50:00",TARONG#1,258.100010
D,DISPATCH,UNIT_SCADA,1,"2016/02/01 23:50:00",TARONG#2,0
D,DISPATCH,UNIT_SCADA,1,"2016/02/01 23:50:00",TARONG#3,259.100010
D,DISPATCH,UNIT_SCADA,1,"2016/02/01 23:50:00",TARONG#4,257.700010
D,DISPATCH,UNIT_SCADA,1,"2016/02/01 23:50:00",TARRALEA,65.50
D,DISPATCH,UNIT_SCADA,1,"2016/02/01 23:50:00",TNPS1,360.400020
D,DISPATCH,UNIT_SCADA,1,"2016/02/01 23:50:00",TORRA1,0
D,DISPATCH,UNIT_SCADA,1,"2016/02/01 23:50:00",TORRA2,0
D,DISPATCH,UNIT_SCADA,1,"2016/02/01 23:50:00",TORRA3,0
D,DISPATCH,UNIT_SCADA,1,"2016/02/01 23:50:00",TORRA4,0
D,DISPATCH,UNIT_SCADA,1,"2016/02/01 23:50:00",TORRB1,98.99
D,DISPATCH,UNIT_SCADA,1,"2016/02/01 23:50:00",TORRB2,97.44
D,DISPATCH,UNIT_SCADA,1,"2016/02/01 23:50:00",TORRB3,96.34
D,DISPATCH,UNIT_SCADA,1,"2016/02/01 23:50:00",TORRB4,0
D,DISPATCH,UNIT_SCADA,1,"2016/02/01 23:50:00",TREVALLN,98.250030
D,DISPATCH,UNIT_SCADA,1,"2016/02/01 23:50:00",TRIBUTE,0
D,DISPATCH,UNIT_SCADA,1,"2016/02/01 23:50:00",TUMUT3,0
D,DISPATCH,UNIT_SCADA,1,"2016/02/01 23:50:00",TUNGATIN,71.160020
D,DISPATCH,UNIT_SCADA,1,"2016/02/01 23:50:00",TVCC201,202.59
D,DISPATCH,UNIT_SCADA,1,"2016/02/01 23:50:00",TVPP104,0
D,DISPATCH,UNIT_SCADA,1,"2016/02/01 23:50:00",UPPTUMUT,238.654510
D,DISPATCH,UNIT_SCADA,1,"2016/02/01 23:50:00",URANQ11,0
D,DISPATCH,UNIT_SCADA,1,"2016/02/01 23:50:00",URANQ12,0
D,DISPATCH,UNIT_SCADA,1,"2016/02/01 23:50:00",URANQ13,0
D,DISPATCH,UNIT_SCADA,1,"2016/02/01 23:50:00",URANQ14,0
D,DISPATCH,UNIT_SCADA,1,"2016/02/01 23:50:00",VP5,582.350040
D,DISPATCH,UNIT_SCADA,1,"2016/02/01 23:50:00",VP6,578.825010
D,DISPATCH,UNIT_SCADA,1,"2016/02/01 23:50:00",VPGS1,0
D,DISPATCH,UNIT_SCADA,1,"2016/02/01 23:50:00",VPGS2,0
D,DISPATCH,UNIT_SCADA,1,"2016/02/01 23:50:00",VPGS3,0
D,DISPATCH,UNIT_SCADA,1,"2016/02/01 23:50:00",VPGS4,0
D,DISPATCH,UNIT_SCADA,1,"2016/02/01 23:50:00",VPGS5,0
D,DISPATCH,UNIT_SCADA,1,"2016/02/01 23:50:00",VPGS6,0
D,DISPATCH,UNIT_SCADA,1,"2016/02/01 23:50:00",W/HOE#1,0
D,DISPATCH,UNIT_SCADA,1,"2016/02/01 23:50:00",W/HOE#2,0
D,DISPATCH,UNIT_SCADA,1,"2016/02/01 23:50:00",WATERLWF,108.90
D,DISPATCH,UNIT_SCADA,1,"2016/02/01 23:50:00",WKIEWA1,0
D,DISPATCH,UNIT_SCADA,1,"2016/02/01 23:50:00",WKIEWA2,0
D,DISPATCH,UNIT_SCADA,1,"2016/02/01 23:50:00",WOODLWN1,0
D,DISPATCH,UNIT_SCADA,1,"2016/02/01 23:50:00",YABULU,0
D,DISPATCH,UNIT_SCADA,1,"2016/02/01 23:50:00",YABULU2,0
D,DISPATCH,UNIT_SCADA,1,"2016/02/01 23:50:00",YARWUN_1,128.64
D,DISPATCH,UNIT_SCADA,1,"2016/02/01 23:50:00",YWPS1,372.430390
D,DISPATCH,UNIT_SCADA,1,"2016/02/01 23:50:00",YWPS2,362.405060
D,DISPATCH,UNIT_SCADA,1,"2016/02/01 23:50:00",YWPS3,349.791140
D,DISPATCH,UNIT_SCADA,1,"2016/02/01 23:50:00",YWPS4,385.6405
C,"END OF REPORT",275
