C,NEMP.WORLD,DISPATCHSCADA,AEMO,PUBLIC,2014/12/29,00:05:11,0000000257649235,DISPATCHSCADA,0000000257649229
I,DISPATCH,UNIT_SCADA,1,SETTLEMENTDATE,DUID,SCADAVALUE
D,DISPATCH,UNIT_SCADA,1,"2014/12/29 00:10:00",ANGAS1,0
D,DISPATCH,UNIT_SCADA,1,"2014/12/29 00:10:00",ANGAS2,0
D,DISPATCH,UNIT_SCADA,1,"2014/12/29 00:10:00",BUTLERSG,10.299998
D,DISPATCH,UNIT_SCADA,1,"2014/12/29 00:10:00",CALL_A_4,19.844999
D,DISPATCH,UNIT_SCADA,1,"2014/12/29 00:10:00",CAPTL_WF,0
D,DISPATCH,UNIT_SCADA,1,"2014/12/29 00:10:00",CATHROCK,25.939999
D,DISPATCH,UNIT_SCADA,1,"2014/12/29 00:10:00",CHALLHWF,1.50
D,DISPATCH,UNIT_SCADA,1,"2014/12/29 00:10:00",CLOVER,0
D,DISPATCH,UNIT_SCADA,1,"2014/12/29 00:10:00",CLUNY,9.2885
D,DISPATCH,UNIT_SCADA,1,"2014/12/29 00:10:00",CNUNDAWF,2.20
D,DISPATCH,UNIT_SCADA,1,"2014/12/29 00:10:00",CULLRGWF,1.680428
D,DISPATCH,UNIT_SCADA,1,"2014/12/29 00:10:00",ERGT01,0
D,DISPATCH,UNIT_SCADA,1,"2014/12/29 00:10:00",GB01,0
D,DISPATCH,UNIT_SCADA,1,"2014/12/29 00:10:00",GERMCRK,34.599998
D,DISPATCH,UNIT_SCADA,1,"2014/12/29 00:10:00",INVICTA,0
D,DISPATCH,UNIT_SCADA,1,"2014/12/29 00:10:00",LKBONNY1,4.644087
D,DISPATCH,UNIT_SCADA,1,"2014/12/29 00:10:00",MBAHNTH,55.612503
D,DISPATCH,UNIT_SCADA,1,"2014/12/29 00:10:00",MLWF1,0.7650
D,DISPATCH,UNIT_SCADA,1,"2014/12/29 00:10:00",MTMILLAR,34.996487
D,DISPATCH,UNIT_SCADA,1,"2014/12/29 00:10:00",PALOONA,0
D,DISPATCH,UNIT_SCADA,1,"2014/12/29 00:10:00",PIONEER,-0.70
D,DISPATCH,UNIT_SCADA,1,"2014/12/29 00:10:00",PORTWF,8.40
D,DISPATCH,UNIT_SCADA,1,"2014/12/29 00:10:00",REPULSE,8.250814
D,DISPATCH,UNIT_SCADA,1,"2014/12/29 00:10:00",ROWALLAN,0
D,DISPATCH,UNIT_SCADA,1,"2014/12/29 00:10:00",RPCG,7.243388
D,DISPATCH,UNIT_SCADA,1,"2014/12/29 00:10:00",RUBICON,0
D,DISPATCH,UNIT_SCADA,1,"2014/12/29 00:10:00",STARHLWF,4.90
D,DISPATCH,UNIT_SCADA,1,"2014/12/29 00:10:00",WAUBRAWF,10.85
D,DISPATCH,UNIT_SCADA,1,"2014/12/29 00:10:00",WOOLNTH1,78.340012
D,DISPATCH,UNIT_SCADA,1,"2014/12/29 00:10:00",WPWF,18
D,DISPATCH,UNIT_SCADA,1,"2014/12/29 00:10:00",YAMBUKWF,2.10
D,DISPATCH,UNIT_SCADA,1,"2014/12/29 00:10:00",AGLHAL,10.513630
D,DISPATCH,UNIT_SCADA,1,"2014/12/29 00:10:00",AGLSOM,0
D,DISPATCH,UNIT_SCADA,1,"2014/12/29 00:10:00",APS,149.75
D,DISPATCH,UNIT_SCADA,1,"2014/12/29 00:10:00",BARCALDN,0
D,DISPATCH,UNIT_SCADA,1,"2014/12/29 00:10:00",BARRON-1,0
D,DISPATCH,UNIT_SCADA,1,"2014/12/29 00:10:00",BARRON-2,0
D,DISPATCH,UNIT_SCADA,1,"2014/12/29 00:10:00",BASTYAN,0
D,DISPATCH,UNIT_SCADA,1,"2014/12/29 00:10:00",BBTHREE1,-1.27
D,DISPATCH,UNIT_SCADA,1,"2014/12/29 00:10:00",BBTHREE2,-1.38
D,DISPATCH,UNIT_SCADA,1,"2014/12/29 00:10:00",BBTHREE3,-1.30
D,DISPATCH,UNIT_SCADA,1,"2014/12/29 00:10:00",BDL01,20.28
D,DISPATCH,UNIT_SCADA,1,"2014/12/29 00:10:00",BDL02,0
D,DISPATCH,UNIT_SCADA,1,"2014/12/29 00:10:00",BLOWERNG,28.700260
D,DISPATCH,UNIT_SCADA,1,"2014/12/29 00:10:00",BLUFF1,8.60
D,DISPATCH,UNIT_SCADA,1,"2014/12/29 00:10:00",BOCORWF1,95.06
D,DISPATCH,UNIT_SCADA,1,"2014/12/29 00:10:00",BRAEMAR1,0
D,DISPATCH,UNIT_SCADA,1,"2014/12/29 00:10:00",BRAEMAR2,0
D,DISPATCH,UNIT_SCADA,1,"2014/12/29 00:10:00",BRAEMAR3,0
D,DISPATCH,UNIT_SCADA,1,"2014/12/29 00:10:00",BRAEMAR5,0
D,DISPATCH,UNIT_SCADA,1,"2014/12/29 00:10:00",BRAEMAR6,0
D,DISPATCH,UNIT_SCADA,1,"2014/12/29 00:10:00",BRAEMAR7,0
D,DISPATCH,UNIT_SCADA,1,"2014/12/29 00:10:00",BW01,457.194520
D,DISPATCH,UNIT_SCADA,1,"2014/12/29 00:10:00",BW02,0
D,DISPATCH,UNIT_SCADA,1,"2014/12/29 00:10:00",BW03,445.954960
D,DISPATCH,UNIT_SCADA,1,"2014/12/29 00:10:00",BW04,458.240080
D,DISPATCH,UNIT_SCADA,1,"2014/12/29 00:10:00",CALL_B_1,340.800020
D,DISPATCH,UNIT_SCADA,1,"2014/12/29 00:10:00",CALL_B_2,327.800020
D,DISPATCH,UNIT_SCADA,1,"2014/12/29 00:10:00",CETHANA,0
D,DISPATCH,UNIT_SCADA,1,"2014/12/29 00:10:00",CG1,0
D,DISPATCH,UNIT_SCADA,1,"2014/12/29 00:10:00",CG2,0
D,DISPATCH,UNIT_SCADA,1,"2014/12/29 00:10:00",CG3,0
D,DISPATCH,UNIT_SCADA,1,"2014/12/29 00:10:00",CG4,0
D,DISPATCH,UNIT_SCADA,1,"2014/12/29 00:10:00",CLEMGPWF,2.233090
D,DISPATCH,UNIT_SCADA,1,"2014/12/29 00:10:00",CPP_3,404.524990
D,DISPATCH,UNIT_SCADA,1,"2014/12/29 00:10:00",CPP_4,406.725010
D,DISPATCH,UNIT_SCADA,1,"2014/12/29 00:10:00",CPSA,97.0550
D,DISPATCH,UNIT_SCADA,1,"2014/12/29 00:10:00",DARTM1,0
D,DISPATCH,UNIT_SCADA,1,"2014/12/29 00:10:00",DDPS1,458.172240
D,DISPATCH,UNIT_SCADA,1,"2014/12/29 00:10:00",DEVILS_G,0
D,DISPATCH,UNIT_SCADA,1,"2014/12/29 00:10:00",DG_NSW1,0
D,DISPATCH,UNIT_SCADA,1,"2014/12/29 00:10:00",DG_QLD1,0
D,DISPATCH,UNIT_SCADA,1,"2014/12/29 00:10:00",DG_SA1,0
D,DISPATCH,UNIT_SCADA,1,"2014/12/29 00:10:00",DG_TAS1,0
D,DISPATCH,UNIT_SCADA,1,"2014/12/29 00:10:00",DG_VIC1,0
D,DISPATCH,UNIT_SCADA,1,"2014/12/29 00:10:00",DRYCGT1,0
D,DISPATCH,UNIT_SCADA,1,"2014/12/29 00:10:00",DRYCGT2,0
D,DISPATCH,UNIT_SCADA,1,"2014/12/29 00:10:00",DRYCGT3,0
D,DISPATCH,UNIT_SCADA,1,"2014/12/29 00:10:00",EILDON1,0
D,DISPATCH,UNIT_SCADA,1,"2014/12/29 00:10:00",EILDON2,0
D,DISPATCH,UNIT_SCADA,1,"2014/12/29 00:10:00",ER01,376.900020
D,DISPATCH,UNIT_SCADA,1,"2014/12/29 00:10:00",ER02,372.25
D,DISPATCH,UNIT_SCADA,1,"2014/12/29 00:10:00",ER03,370.3750
D,DISPATCH,UNIT_SCADA,1,"2014/12/29 00:10:00",ER04,376.175050
D,DISPATCH,UNIT_SCADA,1,"2014/12/29 00:10:00",FISHER,0
D,DISPATCH,UNIT_SCADA,1,"2014/12/29 00:10:00",GORDON,137.517670
D,DISPATCH,UNIT_SCADA,1,"2014/12/29 00:10:00",GSTONE1,0
D,DISPATCH,UNIT_SCADA,1,"2014/12/29 00:10:00",GSTONE2,155.399990
D,DISPATCH,UNIT_SCADA,1,"2014/12/29 00:10:00",GSTONE3,0
D,DISPATCH,UNIT_SCADA,1,"2014/12/29 00:10:00",GSTONE4,150.3250
D,DISPATCH,UNIT_SCADA,1,"2014/12/29 00:10:00",GSTONE5,150.3250
D,DISPATCH,UNIT_SCADA,1,"2014/12/29 00:10:00",GSTONE6,158.20
D,DISPATCH,UNIT_SCADA,1,"2014/12/29 00:10:00",GULLRWF1,12.144290
D,DISPATCH,UNIT_SCADA,1,"2014/12/29 00:10:00",GUNNING1,4.575480
D,DISPATCH,UNIT_SCADA,1,"2014/12/29 00:10:00",GUTHEGA,0
D,DISPATCH,UNIT_SCADA,1,"2014/12/29 00:10:00",HALLWF1,40.52
D,DISPATCH,UNIT_SCADA,1,"2014/12/29 00:10:00",HALLWF2,18.98
D,DISPATCH,UNIT_SCADA,1,"2014/12/29 00:10:00",HUMENSW,40.7169
D,DISPATCH,UNIT_SCADA,1,"2014/12/29 00:10:00",HUMEV,-0.54
D,DISPATCH,UNIT_SCADA,1,"2014/12/29 00:10:00",HVGTS,0
D,DISPATCH,UNIT_SCADA,1,"2014/12/29 00:10:00",HWPS1,221
D,DISPATCH,UNIT_SCADA,1,"2014/12/29 00:10:00",HWPS2,205
D,DISPATCH,UNIT_SCADA,1,"2014/12/29 00:10:00",HWPS3,202
D,DISPATCH,UNIT_SCADA,1,"2014/12/29 00:10:00",HWPS4,0
D,DISPATCH,UNIT_SCADA,1,"2014/12/29 00:10:00",HWPS5,191
D,DISPATCH,UNIT_SCADA,1,"2014/12/29 00:10:00",HWPS6,215
D,DISPATCH,UNIT_SCADA,1,"2014/12/29 00:10:00",HWPS7,0
D,DISPATCH,UNIT_SCADA,1,"2014/12/29 00:10:00",HWPS8,214
D,DISPATCH,UNIT_SCADA,1,"2014/12/29 00:10:00",JBUTTERS,0
D,DISPATCH,UNIT_SCADA,1,"2014/12/29 00:10:00",JLA01,0
D,DISPATCH,UNIT_SCADA,1,"2014/12/29 00:10:00",JLA02,0
D,DISPATCH,UNIT_SCADA,1,"2014/12/29 00:10:00",JLA03,0
D,DISPATCH,UNIT_SCADA,1,"2014/12/29 00:10:00",JLA04,0
D,DISPATCH,UNIT_SCADA,1,"2014/12/29 00:10:00",JLB01,0
D,DISPATCH,UNIT_SCADA,1,"2014/12/29 00:10:00",JLB02,0
D,DISPATCH,UNIT_SCADA,1,"2014/12/29 00:10:00",JLB03,0
D,DISPATCH,UNIT_SCADA,1,"2014/12/29 00:10:00",KAREEYA1,0
D,DISPATCH,UNIT_SCADA,1,"2014/12/29 00:10:00",KAREEYA2,0
D,DISPATCH,UNIT_SCADA,1,"2014/12/29 00:10:00",KAREEYA3,0
D,DISPATCH,UNIT_SCADA,1,"2014/12/29 00:10:00",KAREEYA4,4.9675
D,DISPATCH,UNIT_SCADA,1,"2014/12/29 00:10:00",KPP_1,699.150020
D,DISPATCH,UNIT_SCADA,1,"2014/12/29 00:10:00",LADBROK1,0
D,DISPATCH,UNIT_SCADA,1,"2014/12/29 00:10:00",LADBROK2,0
D,DISPATCH,UNIT_SCADA,1,"2014/12/29 00:10:00",LAVNORTH,-0.004270
D,DISPATCH,UNIT_SCADA,1,"2014/12/29 00:10:00",LD01,0
D,DISPATCH,UNIT_SCADA,1,"2014/12/29 00:10:00",LD02,344.361970
D,DISPATCH,UNIT_SCADA,1,"2014/12/29 00:10:00",LD03,0
D,DISPATCH,UNIT_SCADA,1,"2014/12/29 00:10:00",LD04,0
D,DISPATCH,UNIT_SCADA,1,"2014/12/29 00:10:00",LEM_WIL,0
D,DISPATCH,UNIT_SCADA,1,"2014/12/29 00:10:00",LI_WY_CA,40.852450
D,DISPATCH,UNIT_SCADA,1,"2014/12/29 00:10:00",LKBONNY2,7.881490
D,DISPATCH,UNIT_SCADA,1,"2014/12/29 00:10:00",LKBONNY3,2.567810
D,DISPATCH,UNIT_SCADA,1,"2014/12/29 00:10:00",LK_ECHO,28.400010
D,DISPATCH,UNIT_SCADA,1,"2014/12/29 00:10:00",LOYYB1,467.289890
D,DISPATCH,UNIT_SCADA,1,"2014/12/29 00:10:00",LOYYB2,464.282290
D,DISPATCH,UNIT_SCADA,1,"2014/12/29 00:10:00",LYA1,550
D,DISPATCH,UNIT_SCADA,1,"2014/12/29 00:10:00",LYA2,490
D,DISPATCH,UNIT_SCADA,1,"2014/12/29 00:10:00",LYA3,550
D,DISPATCH,UNIT_SCADA,1,"2014/12/29 00:10:00",LYA4,554
D,DISPATCH,UNIT_SCADA,1,"2014/12/29 00:10:00",MACARTH1,55.79
D,DISPATCH,UNIT_SCADA,1,"2014/12/29 00:10:00",MACKAYGT,0.2240
D,DISPATCH,UNIT_SCADA,1,"2014/12/29 00:10:00",MACKNTSH,0
D,DISPATCH,UNIT_SCADA,1,"2014/12/29 00:10:00",MCKAY1,0.0750
D,DISPATCH,UNIT_SCADA,1,"2014/12/29 00:10:00",MEADOWBK,0
D,DISPATCH,UNIT_SCADA,1,"2014/12/29 00:10:00",MERCER01,-0.2370
D,DISPATCH,UNIT_SCADA,1,"2014/12/29 00:10:00",MINTARO,0
D,DISPATCH,UNIT_SCADA,1,"2014/12/29 00:10:00",MOR1,0
D,DISPATCH,UNIT_SCADA,1,"2014/12/29 00:10:00",MOR2,0
D,DISPATCH,UNIT_SCADA,1,"2014/12/29 00:10:00",MOR3,0.04
D,DISPATCH,UNIT_SCADA,1,"2014/12/29 00:10:00",MORTLK11,0
D,DISPATCH,UNIT_SCADA,1,"2014/12/29 00:10:00",MORTLK12,0
D,DISPATCH,UNIT_SCADA,1,"2014/12/29 00:10:00",MP1,0
D,DISPATCH,UNIT_SCADA,1,"2014/12/29 00:10:00",MP2,452.224980
D,DISPATCH,UNIT_SCADA,1,"2014/12/29 00:10:00",MPP_1,420.50
D,DISPATCH,UNIT_SCADA,1,"2014/12/29 00:10:00",MPP_2,397.50
D,DISPATCH,UNIT_SCADA,1,"2014/12/29 00:10:00",MSTUART1,0
D,DISPATCH,UNIT_SCADA,1,"2014/12/29 00:10:00",MSTUART2,0
D,DISPATCH,UNIT_SCADA,1,"2014/12/29 00:10:00",MSTUART3,0
D,DISPATCH,UNIT_SCADA,1,"2014/12/29 00:10:00",MURRAY,0
D,DISPATCH,UNIT_SCADA,1,"2014/12/29 00:10:00",MUSSELR1,41.60
D,DISPATCH,UNIT_SCADA,1,"2014/12/29 00:10:00",NBHWF1,32.10
D,DISPATCH,UNIT_SCADA,1,"2014/12/29 00:10:00",NPS,0
D,DISPATCH,UNIT_SCADA,1,"2014/12/29 00:10:00",NPS1,267.208040
D,DISPATCH,UNIT_SCADA,1,"2014/12/29 00:10:00",NPS2,0
D,DISPATCH,UNIT_SCADA,1,"2014/12/29 00:10:00",NYNGAN1,0
D,DISPATCH,UNIT_SCADA,1,"2014/12/29 00:10:00",OAKEY1,0
D,DISPATCH,UNIT_SCADA,1,"2014/12/29 00:10:00",OAKEY2,0
D,DISPATCH,UNIT_SCADA,1,"2014/12/29 00:10:00",OAKLAND1,0
D,DISPATCH,UNIT_SCADA,1,"2014/12/29 00:10:00",OSB-AG,181.078520
D,DISPATCH,UNIT_SCADA,1,"2014/12/29 00:10:00",PLAYB-AG,0
D,DISPATCH,UNIT_SCADA,1,"2014/12/29 00:10:00",POAT110,1.0392
D,DISPATCH,UNIT_SCADA,1,"2014/12/29 00:10:00",POAT220,113.900010
D,DISPATCH,UNIT_SCADA,1,"2014/12/29 00:10:00",POR01,0
D,DISPATCH,UNIT_SCADA,1,"2014/12/29 00:10:00",POR03,0
D,DISPATCH,UNIT_SCADA,1,"2014/12/29 00:10:00",PPCCGT,0
D,DISPATCH,UNIT_SCADA,1,"2014/12/29 00:10:00",PUMP1,0
D,DISPATCH,UNIT_SCADA,1,"2014/12/29 00:10:00",PUMP2,0
D,DISPATCH,UNIT_SCADA,1,"2014/12/29 00:10:00",QPS1,0
D,DISPATCH,UNIT_SCADA,1,"2014/12/29 00:10:00",QPS2,0
D,DISPATCH,UNIT_SCADA,1,"2014/12/29 00:10:00",QPS3,0
D,DISPATCH,UNIT_SCADA,1,"2014/12/29 00:10:00",QPS4,0
D,DISPATCH,UNIT_SCADA,1,"2014/12/29 00:10:00",QPS5,0
D,DISPATCH,UNIT_SCADA,1,"2014/12/29 00:10:00",REDBANK1,0
D,DISPATCH,UNIT_SCADA,1,"2014/12/29 00:10:00",REECE1,0
D,DISPATCH,UNIT_SCADA,1,"2014/12/29 00:10:00",REECE2,0
D,DISPATCH,UNIT_SCADA,1,"2014/12/29 00:10:00",ROMA_7,0
D,DISPATCH,UNIT_SCADA,1,"2014/12/29 00:10:00",ROMA_8,0
D,DISPATCH,UNIT_SCADA,1,"2014/12/29 00:10:00",RT_NSW1,0
D,DISPATCH,UNIT_SCADA,1,"2014/12/29 00:10:00",RT_QLD1,0
D,DISPATCH,UNIT_SCADA,1,"2014/12/29 00:10:00",RT_SA1,0
D,DISPATCH,UNIT_SCADA,1,"2014/12/29 00:10:00",RT_SA2,0
D,DISPATCH,UNIT_SCADA,1,"2014/12/29 00:10:00",RT_SA3,0
D,DISPATCH,UNIT_SCADA,1,"2014/12/29 00:10:00",RT_SA4,0
D,DISPATCH,UNIT_SCADA,1,"2014/12/29 00:10:00",RT_SA5,0
D,DISPATCH,UNIT_SCADA,1,"2014/12/29 00:10:00",RT_SA6,0
D,DISPATCH,UNIT_SCADA,1,"2014/12/29 00:10:00",RT_TAS1,0
D,DISPATCH,UNIT_SCADA,1,"2014/12/29 00:10:00",RT_VIC1,0
D,DISPATCH,UNIT_SCADA,1,"2014/12/29 00:10:00",RT_VIC10,0
D,DISPATCH,UNIT_SCADA,1,"2014/12/29 00:10:00",RT_VIC11,0
D,DISPATCH,UNIT_SCADA,1,"2014/12/29 00:10:00",RT_VIC12,0
D,DISPATCH,UNIT_SCADA,1,"2014/12/29 00:10:00",RT_VIC2,0
D,DISPATCH,UNIT_SCADA,1,"2014/12/29 00:10:00",RT_VIC3,0
D,DISPATCH,UNIT_SCADA,1,"2014/12/29 00:10:00",RT_VIC4,0
D,DISPATCH,UNIT_SCADA,1,"2014/12/29 00:10:00",RT_VIC5,0
D,DISPATCH,UNIT_SCADA,1,"2014/12/29 00:10:00",RT_VIC6,0
D,DISPATCH,UNIT_SCADA,1,"2014/12/29 00:10:00",RT_VIC7,0
D,DISPATCH,UNIT_SCADA,1,"2014/12/29 00:10:00",RT_VIC8,0
D,DISPATCH,UNIT_SCADA,1,"2014/12/29 00:10:00",RT_VIC9,0
D,DISPATCH,UNIT_SCADA,1,"2014/12/29 00:10:00",SHGEN,0
D,DISPATCH,UNIT_SCADA,1,"2014/12/29 00:10:00",SHPUMP,0
D,DISPATCH,UNIT_SCADA,1,"2014/12/29 00:10:00",SITHE01,80.351650
D,DISPATCH,UNIT_SCADA,1,"2014/12/29 00:10:00",SNOWNTH1,19.10
D,DISPATCH,UNIT_SCADA,1,"2014/12/29 00:10:00",SNOWSTH1,11.10
D,DISPATCH,UNIT_SCADA,1,"2014/12/29 00:10:00",SNOWTWN1,11.916790
D,DISPATCH,UNIT_SCADA,1,"2014/12/29 00:10:00",SNOWYP,0
D,DISPATCH,UNIT_SCADA,1,"2014/12/29 00:10:00",SNUG1,0
D,DISPATCH,UNIT_SCADA,1,"2014/12/29 00:10:00",STAN-1,204.80
D,DISPATCH,UNIT_SCADA,1,"2014/12/29 00:10:00",STAN-2,241
D,DISPATCH,UNIT_SCADA,1,"2014/12/29 00:10:00",STAN-3,241.80
D,DISPATCH,UNIT_SCADA,1,"2014/12/29 00:10:00",STAN-4,240.600010
D,DISPATCH,UNIT_SCADA,1,"2014/12/29 00:10:00",SWAN_E,0
D,DISPATCH,UNIT_SCADA,1,"2014/12/29 00:10:00",TALWA1,405
D,DISPATCH,UNIT_SCADA,1,"2014/12/29 00:10:00",TARALGA1,0.54
D,DISPATCH,UNIT_SCADA,1,"2014/12/29 00:10:00",TARONG#1,274.899990
D,DISPATCH,UNIT_SCADA,1,"2014/12/29 00:10:00",TARONG#2,0
D,DISPATCH,UNIT_SCADA,1,"2014/12/29 00:10:00",TARONG#3,188.600010
D,DISPATCH,UNIT_SCADA,1,"2014/12/29 00:10:00",TARONG#4,190.80
D,DISPATCH,UNIT_SCADA,1,"2014/12/29 00:10:00",TARRALEA,73.10
D,DISPATCH,UNIT_SCADA,1,"2014/12/29 00:10:00",TNPS1,249.400010
D,DISPATCH,UNIT_SCADA,1,"2014/12/29 00:10:00",TORRA1,0
D,DISPATCH,UNIT_SCADA,1,"2014/12/29 00:10:00",TORRA2,0
D,DISPATCH,UNIT_SCADA,1,"2014/12/29 00:10:00",TORRA3,0
D,DISPATCH,UNIT_SCADA,1,"2014/12/29 00:10:00",TORRA4,0
D,DISPATCH,UNIT_SCADA,1,"2014/12/29 00:10:00",TORRB1,130.320010
D,DISPATCH,UNIT_SCADA,1,"2014/12/29 00:10:00",TORRB2,0
D,DISPATCH,UNIT_SCADA,1,"2014/12/29 00:10:00",TORRB3,0
D,DISPATCH,UNIT_SCADA,1,"2014/12/29 00:10:00",TORRB4,129.66
D,DISPATCH,UNIT_SCADA,1,"2014/12/29 00:10:00",TREVALLN,12.10
D,DISPATCH,UNIT_SCADA,1,"2014/12/29 00:10:00",TRIBUTE,0
D,DISPATCH,UNIT_SCADA,1,"2014/12/29 00:10:00",TUMUT3,0
D,DISPATCH,UNIT_SCADA,1,"2014/12/29 00:10:00",TUNGATIN,0
D,DISPATCH,UNIT_SCADA,1,"2014/12/29 00:10:00",TVCC201,0
D,DISPATCH,UNIT_SCADA,1,"2014/12/29 00:10:00",TVPP104,0
D,DISPATCH,UNIT_SCADA,1,"2014/12/29 00:10:00",UPPTUMUT,167.952070
D,DISPATCH,UNIT_SCADA,1,"2014/12/29 00:10:00",URANQ11,0
D,DISPATCH,UNIT_SCADA,1,"2014/12/29 00:10:00",URANQ12,0
D,DISPATCH,UNIT_SCADA,1,"2014/12/29 00:10:00",URANQ13,0
D,DISPATCH,UNIT_SCADA,1,"2014/12/29 00:10:00",URANQ14,0
D,DISPATCH,UNIT_SCADA,1,"2014/12/29 00:10:00",VP5,0
D,DISPATCH,UNIT_SCADA,1,"2014/12/29 00:10:00",VP6,602.825010
D,DISPATCH,UNIT_SCADA,1,"2014/12/29 00:10:00",VPGS,0
D,DISPATCH,UNIT_SCADA,1,"2014/12/29 00:10:00",W/HOE#1,0
D,DISPATCH,UNIT_SCADA,1,"2014/12/29 00:10:00",W/HOE#2,0
D,DISPATCH,UNIT_SCADA,1,"2014/12/29 00:10:00",WATERLWF,17.80
D,DISPATCH,UNIT_SCADA,1,"2014/12/29 00:10:00",WKIEWA1,-0.08
D,DISPATCH,UNIT_SCADA,1,"2014/12/29 00:10:00",WKIEWA2,0
D,DISPATCH,UNIT_SCADA,1,"2014/12/29 00:10:00",WOODLWN1,0
D,DISPATCH,UNIT_SCADA,1,"2014/12/29 00:10:00",WW8,0
D,DISPATCH,UNIT_SCADA,1,"2014/12/29 00:10:00",YABULU,0
D,DISPATCH,UNIT_SCADA,1,"2014/12/29 00:10:00",YABULU2,0
D,DISPATCH,UNIT_SCADA,1,"2014/12/29 00:10:00",YARWUN_1,151.17
D,DISPATCH,UNIT_SCADA,1,"2014/12/29 00:10:00",YWPS1,368.921510
D,DISPATCH,UNIT_SCADA,1,"2014/12/29 00:10:00",YWPS2,326.815190
D,DISPATCH,UNIT_SCADA,1,"2014/12/29 00:10:00",YWPS3,383.664550
D,DISPATCH,UNIT_SCADA,1,"2014/12/29 00:10:00",YWPS4,372.091130
C,"END OF REPORT",268
